"site","lat","long","year","week","mo","yday","PG_count","v","temp","mins"
"Cliffside",48.368,-122.6697,2017,32,8,220,15,-0.63,0.48,-1.25
"Cliffside",48.368,-122.6697,2017,33,8,228,15,-1.24,0.9,1.06
"Cliffside",48.368,-122.6697,2016,34,8,235,16,-1.12,0.93,-0.48
"Cliffside",48.368,-122.6697,2014,27,7,188,14,-1.66,0.35,1.27
"Cliffside",48.368,-122.6697,2010,27,7,184,23,-2.21,-0.73,-0.16
"Cliffside",48.368,-122.6697,2008,31,8,217,23,-0.94,-1.23,-0.8
"Cliffside",48.368,-122.6697,2008,30,7,210,6,-0.63,-0.34,1.53
"Cliffside",48.368,-122.6697,2014,30,7,209,12,-0.82,-0.12,-1.14
"Cliffside",48.368,-122.6697,2016,28,7,193,23,-2.21,0.17,0.04
"Cliffside",48.368,-122.6697,2012,26,6,177,23,-1.78,-2.51,-0.44
"Cliffside",48.368,-122.6697,2018,24,6,168,20,-0.51,-0.9,-0.83
"Cliffside",48.368,-122.6697,2018,32,8,220,25,-0.63,2.16,1.56
"Cliffside",48.368,-122.6697,2009,32,8,223,48,-1.72,0.04,-0.32
"Cliffside",48.368,-122.6697,2015,32,8,222,14,-0.76,1.94,1.42
"Cliffside",48.368,-122.6697,2015,30,7,209,12,-0.76,1.68,1.63
"Cliffside",48.368,-122.6697,2013,27,7,183,14,-1.48,-0.2,1.22
"Cliffside",48.368,-122.6697,2016,26,6,179,27,-2.02,-0.2,0
"Cliffside",48.368,-122.6697,2014,29,7,202,16,-1.24,0.47,1.24
"Cliffside",48.368,-122.6697,2015,31,8,216,28,-1.12,1.21,-0.53
"Cliffside",48.368,-122.6697,2008,29,7,203,51,-1,-0.47,-0.96
"Cliffside",48.368,-122.6697,2017,29,7,199,19,-1.66,1.36,1.06
"Cliffside",48.368,-122.6697,2013,29,7,203,7,0.09,0.59,-1.52
"Cliffside",48.368,-122.6697,2016,33,8,228,2,-0.76,1.49,1.63
"Cliffside",48.368,-122.6697,2017,27,7,185,22,-1.3,0.84,1.45
"Cliffside",48.368,-122.6697,2011,31,8,215,33,-1.12,-1.33,-0.61
"Cliffside",48.368,-122.6697,2018,28,7,190,5,-1.18,0.87,1.45
"Cliffside",48.368,-122.6697,2013,26,6,176,15,-0.15,-1.81,-1.1
"Cliffside",48.368,-122.6697,2009,31,8,217,18,-0.57,0.28,-1.5
"Cliffside",48.368,-122.6697,2011,29,7,199,15,-1.06,-1.69,-0.89
"Cliffside",48.368,-122.6697,2012,35,8,240,0,-0.63,0.28,1.32
"Cliffside",48.368,-122.6697,2013,30,7,210,21,-1.84,0.47,0.51
"Cliffside",48.368,-122.6697,2008,25,6,175,47,-1.18,-2.42,-1
"Cliffside",48.368,-122.6697,2011,33,8,227,22,-0.94,-1.06,-1.04
"Cliffside",48.368,-122.6697,2009,28,7,194,41,-1.96,-0.94,-0.4
"Cliffside",48.368,-122.6697,2018,27,7,183,16,-1.12,-0.5,-0.96
"Cliffside",48.368,-122.6697,2010,29,7,202,1,-0.76,0.04,1.48
"Cliffside",48.368,-122.6697,2011,28,7,193,23,-0.45,-0.52,1.67
"Cliffside",48.368,-122.6697,2017,35,8,241,3,-1.54,1.64,0.79
"Cliffside",48.368,-122.6697,2016,30,7,207,21,-1.6,0.27,-0.28
"Cliffside",48.368,-122.6697,2017,30,7,206,22,-0.33,0.59,-1.04
"Cliffside",48.368,-122.6697,2015,25,6,173,16,-1.78,0.08,-0.48
"Cliffside",48.368,-122.6697,2010,26,6,179,10,-0.57,-1.49,-1.22
"Cliffside",48.368,-122.6697,2013,28,7,193.5,12,-1.45,-0.18,-0.54
"Cliffside",48.368,-122.6697,2014,33,8,230,4,-1.3,0,0.9
"Cliffside",48.368,-122.6697,2008,28,7,193,18,-1.72,-0.58,1.1
"Cliffside",48.368,-122.6697,2017,34,8,234,3,-0.39,0.51,-1.21
"Cliffside",48.368,-122.6697,2016,32,8,221,18,-1.78,0.47,-0.31
"Cliffside",48.368,-122.6697,2016,24,6,165,26,-2.27,-0.19,0.74
"Cliffside",48.368,-122.6697,2011,27,7,187,18,-1.6,-1.74,-0.42
"Cliffside",48.368,-122.6697,2012,32,8,219,29,-1.48,-0.97,-0.51
"Cliffside",48.368,-122.6697,2010,28,7,194,2,-0.21,-0.19,-1.18
"Cliffside",48.368,-122.6697,2012,33,8,227,6,-0.7,0.87,1.63
"Cliffside",48.368,-122.6697,2016,23,6,159,22,-0.27,-0.59,-1.05
"Cliffside",48.368,-122.6697,2018,30,7,210,26,-0.76,0.74,-1.17
"Cliffside",48.368,-122.6697,2014,31,8,216,5,-1.84,1.15,0.93
"Cliffside",48.368,-122.6697,2018,33,8,228,27,-1.48,0.3,-0.21
"Cliffside",48.368,-122.6697,2012,28,7,191,29,-1.9,-1.58,-0.23
"Cliffside",48.368,-122.6697,2015,27,7,187,33,-1.18,0.2,-0.6
"Cliffside",48.368,-122.6697,2009,33,8,229,0,-0.39,0.39,1.57
"Cliffside",48.368,-122.6697,2018,23,6,161,13,-1.42,-0.72,1.4
"Cliffside",48.368,-122.6697,2011,32,8,223,12,-0.39,-0.99,1.69
"Cliffside",48.368,-122.6697,2013,33,8,231,11,-0.39,0.02,1.62
"Cliffside",48.368,-122.6697,2014,28,7,195,15,-0.27,-0.03,-1.05
"Cliffside",48.368,-122.6697,2014,25,6,174,13,-1,-0.63,1.49
"Cliffside",48.368,-122.6697,2014,32,8,223,13,-0.15,1.26,-1.23
"Cliffside",48.368,-122.6697,2017,26,6,178,37,-0.57,-0.09,-0.84
"Cliffside",48.368,-122.6697,2017,28,7,192,20,-0.76,0.28,-1.12
"Cliffside",48.368,-122.6697,2008,27,7,189,41,-1.24,-2.13,-0.62
"Cliffside",48.368,-122.6697,2014,26,6,181,6,-1,-1.45,-1
"Cliffside",48.368,-122.6697,2016,25,6,172,22,-0.45,-0.66,-1.42
"Cliffside",48.368,-122.6697,2015,29,7,201,27,-1.42,1.13,-0.7
"Cliffside",48.368,-122.6697,2012,34,8,234,11,-1.18,-0.91,-0.53
"Cliffside",48.368,-122.6697,2018,29,7,197,13,-0.63,-0.21,-0.8
"Cliffside",48.368,-122.6697,2015,33,8,229,6,-1.12,1.28,-0.86
"Cliffside",48.368,-122.6697,2017,25,6,171,9,-1.42,-1,1.29
"Cliffside",48.368,-122.6697,2009,26,6,179,35,-1.78,-1.58,-0.19
"Cliffside",48.368,-122.6697,2017,24,6,164,14.5,-1,-1.22,-1.04
"Cliffside",48.368,-122.6697,2012,30,7,205,21,-1.36,-1.04,-0.61
"Cliffside",48.368,-122.6697,2013,34,8,238,14,-1.48,-0.51,0.02
"Cliffside",48.368,-122.6697,2013,32,8,222.5,27.5,-1.36,0.13,-0.58
"Cliffside",48.368,-122.6697,2017,31,8,213,22,-1.48,2.06,1.17
"Cliffside",48.368,-122.6697,2016,27,7,186,11,0.09,0.16,-1.45
"Cliffside",48.368,-122.6697,2014,24,6,167,39,-0.63,-1.35,-0.87
"Cliffside",48.368,-122.6697,2014,34,8,238,0,-0.94,0.67,-1.11
"Crescent Harbor",48.2974,-122.5876,2008,27,7,187,11,1.84,-1.83,-0.69
"Crescent Harbor",48.2974,-122.5876,2008,26,6,180,14,0.69,-1.87,1.17
"Crescent Harbor",48.2974,-122.5876,2008,29,7,201,8,1.3,-0.63,-0.88
"Crescent Harbor",48.2974,-122.5876,2009,28,7,195,18,0.09,-0.7,0.26
"Crescent Harbor",48.2974,-122.5876,2009,29,7,201,10,2.27,-0.03,-1.51
"Crescent Harbor",48.2974,-122.5876,2011,26,6,180,15,1.66,-1.59,-1.4
"Crescent Harbor",48.2974,-122.5876,2009,31,8,215,7,1.18,1.13,-1.39
"Crescent Harbor",48.2974,-122.5876,2009,32,8,222,6,0.94,-0.22,-0.25
"Crescent Harbor",48.2974,-122.5876,2009,33,8,229,9,2.08,0.39,1.65
"Crescent Harbor",48.2974,-122.5876,2009,27,7,187,5,1.42,-0.51,-1.21
"Crescent Harbor",48.2974,-122.5876,2011,27,7,186,12,1.12,-1.6,-0.32
"Crescent Harbor",48.2974,-122.5876,2009,30,7,208,15,0.76,-0.21,0.12
"Crescent Harbor",48.2974,-122.5876,2009,26,6,180,10,0.15,-1.58,0.47
"Crescent Harbor",48.2974,-122.5876,2008,32,8,219,12,0.82,-1.18,-0.02
"Forbes Point",48.2731,-122.6249,2008,29,7,199,3,1.3,-0.32,-1.19
"Forbes Point",48.2731,-122.6249,2016,24,6,163,19,0.15,0,0.22
"Forbes Point",48.2731,-122.6249,2016,27,7,189,17,1.48,0.01,-0.53
"Forbes Point",48.2731,-122.6249,2017,25,6,174,1,2.75,-0.46,-1.23
"Forbes Point",48.2731,-122.6249,2010,34,8,236,9,1.3,-0.04,-0.95
"Forbes Point",48.2731,-122.6249,2013,28,7,191,19,1.18,-0.48,-0.69
"Forbes Point",48.2731,-122.6249,2012,27,7,186,21,2.27,-2.06,-1
"Forbes Point",48.2731,-122.6249,2011,34,8,235,7,1.06,1.52,1.26
"Forbes Point",48.2731,-122.6249,2015,27,7,184,6,1.9,1.21,-0.85
"Forbes Point",48.2731,-122.6249,2016,29,7,203,21,1.66,1.35,-0.79
"Forbes Point",48.2731,-122.6249,2016,25,6,172.5,14.5,1.54,-0.19,-0.94
"Forbes Point",48.2731,-122.6249,2015,35,8,240,4,1.9,1.45,-1.27
"Forbes Point",48.2731,-122.6249,2011,28,7,192,11,1.66,-0.84,1.56
"Forbes Point",48.2731,-122.6249,2010,28,7,193,20,2.14,-0.72,-1.02
"Forbes Point",48.2731,-122.6249,2013,29,7,199,11,1.06,0.63,1.28
"Forbes Point",48.2731,-122.6249,2012,30,7,206,29,0.82,-1.45,-0.04
"Forbes Point",48.2731,-122.6249,2017,24,6,165,15,0.63,-0.79,-0.31
"Forbes Point",48.2731,-122.6249,2011,32,8,222,33,2.14,-0.87,1.7
"Forbes Point",48.2731,-122.6249,2018,33,8,229,1,0.82,0.38,0.31
"Forbes Point",48.2731,-122.6249,2015,30,7,208,6,1.24,2.29,1.53
"Forbes Point",48.2731,-122.6249,2013,30,7,205,23,2.14,-0.44,-0.75
"Forbes Point",48.2731,-122.6249,2011,27,7,185,27,1.42,-2.02,-0.54
"Forbes Point",48.2731,-122.6249,2012,26,6,178,24,0.21,-1.93,0.25
"Forbes Point",48.2731,-122.6249,2011,30,7,206,27,1,1.03,1.46
"Forbes Point",48.2731,-122.6249,2014,31,7,211,13,1.06,0.07,-0.44
"Forbes Point",48.2731,-122.6249,2018,24,6,167,15,2.02,-1.12,-0.63
"Forbes Point",48.2731,-122.6249,2010,29,7,199,16,0.51,-0.46,0.52
"Forbes Point",48.2731,-122.6249,2015,29,7,201,12,0.82,1.13,-0.29
"Forbes Point",48.2731,-122.6249,2010,31,8,214,17,0.33,0.48,0.39
"Forbes Point",48.2731,-122.6249,2018,28,7,194,16,2.51,0.76,-1.06
"Forbes Point",48.2731,-122.6249,2015,28,7,191,17,0.63,0.84,1.03
"Forbes Point",48.2731,-122.6249,2017,34,8,236,2,1.72,0.28,-0.5
"Forbes Point",48.2731,-122.6249,2017,31,8,215,3,1.54,1.81,1.67
"Forbes Point",48.2731,-122.6249,2014,33,8,228.5,10,1.54,-0.07,0.5
"Forbes Point",48.2731,-122.6249,2012,28,7,192,32,0.15,-1.26,0.39
"Forbes Point",48.2731,-122.6249,2015,26,6,177,13,0.21,1.35,1.18
"Forbes Point",48.2731,-122.6249,2013,27,7,186,8,1.66,0.47,-1.44
"Forbes Point",48.2731,-122.6249,2015,33,8,228,7.5,1.36,1.17,-0.67
"Forbes Point",48.2731,-122.6249,2011,29,7,200,27,0.82,-1.58,-0.31
"Forbes Point",48.2731,-122.6249,2012,29,7,199,12,1.48,-0.43,-1.29
"Forbes Point",48.2731,-122.6249,2010,27,7,186,17,0.03,-0.4,0.88
"Forbes Point",48.2731,-122.6249,2018,29,7,201,6,0.33,0.18,0.73
"Forbes Point",48.2731,-122.6249,2018,30,7,208,4,1.42,1.13,-1.05
"Forbes Point",48.2731,-122.6249,2012,34,8,233,20,1.72,-0.54,-0.48
"Forbes Point",48.2731,-122.6249,2017,29,7,201,1,1.78,1.57,1.58
"Forbes Point",48.2731,-122.6249,2008,30,7,206,16,0.45,-0.74,0.13
"Forbes Point",48.2731,-122.6249,2010,30,7,208,18,1.24,-0.46,-0.8
"Forbes Point",48.2731,-122.6249,2013,34,8,234,11,2.08,-0.19,-0.74
"Forbes Point",48.2731,-122.6249,2016,26,6,181,12,0.51,0.26,1
"Forbes Point",48.2731,-122.6249,2016,30,7,208,18,0.57,-0.01,0.31
"Forbes Point",48.2731,-122.6249,2010,33,8,228,22,1.06,-0.22,0.5
"Forbes Point",48.2731,-122.6249,2013,32,8,220,26,1.42,-0.15,-0.72
"Forbes Point",48.2731,-122.6249,2012,32,8,220,31,0.82,-0.83,0.02
"Forbes Point",48.2731,-122.6249,2014,29,7,202,18,1.18,0.47,1.35
"Forbes Point",48.2731,-122.6249,2010,26,6,179,18,1.3,-1.49,-0.78
"Forbes Point",48.2731,-122.6249,2016,22,6,153,12,1,-0.83,1.29
"Forbes Point",48.2731,-122.6249,2018,26,6,180,11,1.36,-0.47,-0.86
"Forbes Point",48.2731,-122.6249,2017,27,7,189,9,1.54,0.63,-1.11
"Forbes Point",48.2731,-122.6249,2008,26,6,178,18,-0.03,-2.16,0.46
"Forbes Point",48.2731,-122.6249,2014,31,8,216,20,0.45,1.15,0.7
"Forbes Point",48.2731,-122.6249,2012,31,7,212,13,2.14,0.06,1.7
"Forbes Point",48.2731,-122.6249,2011,33,8,228,28,1.3,-0.91,-0.53
"Forbes Point",48.2731,-122.6249,2008,27,7,187,11,1.84,-1.83,-0.69
"Forbes Point",48.2731,-122.6249,2015,31,8,215,10,1.84,0.95,-0.46
"Forbes Point",48.2731,-122.6249,2018,27,7,187,8,-0.09,0.28,0.54
"Forbes Point",48.2731,-122.6249,2017,28,7,195,12,0.63,0.45,-0.15
"Forbes Point",48.2731,-122.6249,2013,33,8,227,5,0.94,0.63,0.89
"Forbes Point",48.2731,-122.6249,2008,28,7,191,17,0.09,-1.7,0.32
"Forbes Point",48.2731,-122.6249,2018,25,6,173,10,0.39,-0.53,1.13
"Forbes Point",48.2731,-122.6249,2011,31,8,213,31,1.84,-1.19,-0.74
"Forbes Point",48.2731,-122.6249,2016,32,8,221,16,0.69,0.47,0.01
"Forbes Point",48.2731,-122.6249,2013,31,7,212,17,0.94,0.82,1.24
"Forbes Point",48.2731,-122.6249,2017,30,7,208,24,1.24,0.17,-0.27
"Forbes Point",48.2731,-122.6249,2008,31,8,217,28,1.42,-1.23,-0.48
"Forbes Point",48.2731,-122.6249,2016,28,7,195,5,0.21,1.31,1.07
"Forbes Point",48.2731,-122.6249,2013,26,6,179,15,0.82,-1.73,-0.03
"Forbes Point",48.2731,-122.6249,2016,31,8,214,2,2.14,0.41,-1.3
"Forbes Point",48.2731,-122.6249,2017,26,6,181,16,0.21,-0.59,0.31
"Forbes Point",48.2731,-122.6249,2008,32,8,220,21,0.57,-0.62,0.24
"Forbes Point",48.2731,-122.6249,2017,33,8,229,2,1.48,0.72,1.32
"Forbes Point",48.2731,-122.6249,2018,31,8,215,15,0.39,0.99,0.16
"Forbes Point",48.2731,-122.6249,2017,32,8,223,20,1.3,0.42,-0.37
"Fort Casey",48.1719,-122.687,2011,32,8,218,40,-1,-0.78,0.49
"Fort Casey",48.1719,-122.687,2014,29,7,199,32,-1.3,-0.05,0.13
"Fort Casey",48.1719,-122.687,2012,27,7,186,39,0.33,-2.06,-1.27
"Fort Casey",48.1719,-122.687,2009,33,8,228.6666667,17.66666667,0.19,0.39,1.51
"Fort Casey",48.1719,-122.687,2010,31,8,213,50,-1.36,0.48,-0.03
"Fort Casey",48.1719,-122.687,2012,26,6,177,35,-1.36,-2.51,-0.25
"Fort Casey",48.1719,-122.687,2013,32,8,223,41,-0.88,-0.08,-0.38
"Fort Casey",48.1719,-122.687,2009,31,8,217,16,-0.33,0.28,-1.39
"Fort Casey",48.1719,-122.687,2010,26,6,178,50,-0.09,-0.89,-1.27
"Fort Casey",48.1719,-122.687,2009,25,6,175,11,0.39,-1.52,-1.18
"Fort Casey",48.1719,-122.687,2012,32,8,218,50,-0.63,-0.73,-0.61
"Fort Casey",48.1719,-122.687,2009,26,6,180,30,-1.66,-1.58,0.3
"Fort Casey",48.1719,-122.687,2014,31,8,215,40,-1.42,1.05,0.27
"Fort Casey",48.1719,-122.687,2011,26,6,176,50,-1.06,-1.11,1.3
"Fort Casey",48.1719,-122.687,2013,35,8,243,3,-0.09,0.85,1.36
"Fort Casey",48.1719,-122.687,2011,27,7,183,46,-0.03,-1.76,-1.24
"Fort Casey",48.1719,-122.687,2013,26,6,180,27,-1.42,-1.62,0.04
"Fort Casey",48.1719,-122.687,2009,29,7,199.3333333,25.33333333,-0.43,0.08,0.38
"Fort Casey",48.1719,-122.687,2011,33,8,229,45,-0.76,-0.99,-0.55
"Fort Casey",48.1719,-122.687,2014,25,6,171,40,-1.54,-1.51,0.5
"Fort Casey",48.1719,-122.687,2009,32,8,221,31,-0.81,-0.17,-0.61
"Fort Casey",48.1719,-122.687,2014,32,8,220,44,0.09,1.1,1.59
"Fort Casey",48.1719,-122.687,2011,34,8,233,32,-0.94,0.65,0.7
"Fort Casey",48.1719,-122.687,2013,29,7,197,45,-1.54,0.37,0.53
"Fort Casey",48.1719,-122.687,2008,29,7,203,48,-0.7,-0.47,-0.81
"Fort Casey",48.1719,-122.687,2013,30,7,205,30,0.09,-0.44,-0.98
"Fort Casey",48.1719,-122.687,2008,26,6,179,30,-1.6,-1.9,0.74
"Fort Casey",48.1719,-122.687,2012,29,7,203,61,-0.45,-1.27,-0.91
"Fort Casey",48.1719,-122.687,2010,32,8,219,43,0.21,1.44,1.64
"Fort Casey",48.1719,-122.687,2012,28,7,196,31,-0.21,0.66,1.54
"Fort Casey",48.1719,-122.687,2014,27,7,185,36,-1.66,-0.29,0.01
"Fort Casey",48.1719,-122.687,2010,28,7,195,50,-0.15,-0.25,-0.85
"Fort Casey",48.1719,-122.687,2008,28,7,191,25,-1.66,-1.7,0.13
"Fort Casey",48.1719,-122.687,2010,27,7,188,20,-0.39,0.34,1.54
"Fort Casey",48.1719,-122.687,2013,25,6,174,57,0.57,-0.74,-1.42
"Fort Casey",48.1719,-122.687,2014,34,8,235,4,-0.45,0.47,-1.51
"Fort Casey",48.1719,-122.687,2008,30,7,208,30,-1.12,-0.26,0.89
"Fort Casey",48.1719,-122.687,2009,28,7,191.75,22.5,-0.8,-1.05,-0.63
"Fort Casey",48.1719,-122.687,2014,28,7,194,26,0.27,0,-1.17
"Fort Casey",48.1719,-122.687,2013,33,8,229,30,-0.09,0.43,1.36
"Fort Casey",48.1719,-122.687,2013,27,7,189,54,-0.21,0.16,-1.31
"Fort Casey",48.1719,-122.687,2014,33,8,227,36,-0.63,0,-0.18
"Fort Casey",48.1719,-122.687,2011,31,7,211,25,0.03,-0.39,-1.42
"Fort Casey",48.1719,-122.687,2013,34,8,235,6,-0.15,-0.44,-0.72
"Fort Casey",48.1719,-122.687,2011,35,8,242,5,-0.03,-0.86,-0.93
"Fort Casey",48.1719,-122.687,2011,30,7,204,40,-1.36,-0.51,0.9
"Fort Casey",48.1719,-122.687,2009,27,7,183,18,-0.27,-1.06,1.45
"Fort Casey",48.1719,-122.687,2011,28,7,193,55,0.27,-0.52,1.64
"Fort Casey",48.1719,-122.687,2012,30,7,209,48,-1,-0.68,0.94
"Fort Casey",48.1719,-122.687,2009,30,7,208.6666667,23.66666667,-1.1,0,0.25
"Fort Casey",48.1719,-122.687,2011,29,7,200,60,-1,-1.58,-0.56
"Fort Casey",48.1719,-122.687,2010,33,8,226,21,-0.63,-0.34,-0.25
"Fort Casey",48.1719,-122.687,2008,31,8,214,18,0.27,-1.02,-1.4
"Fort Casey",48.1719,-122.687,2014,26,6,178,35,-0.09,-0.18,-1.32
"Fort Casey",48.1719,-122.687,2009,26,7,182,18,-0.88,-1.3,1.2
"Keystone",48.163,-122.655,2015,29,7,200.5,63,-0.88,1,-0.59
"Keystone",48.163,-122.655,2009,32,8,218,32,-0.39,-0.08,-1.21
"Keystone",48.163,-122.655,2011,26,6,177,25,-0.57,-0.76,1.5
"Keystone",48.163,-122.655,2015,28,7,191,42,-1.18,0.84,0.96
"Keystone",48.163,-122.655,2011,29,7,200,27,-1,-1.58,-0.56
"Keystone",48.163,-122.655,2013,31,7,212,42,-0.63,0.82,1.16
"Keystone",48.163,-122.655,2011,28,7,193,32,0.27,-0.52,1.64
"Keystone",48.163,-122.655,2015,30,7,209,25,-0.15,1.68,1.61
"Keystone",48.163,-122.655,2014,29,7,202,33,-0.51,0.47,1.23
"Keystone",48.163,-122.655,2010,26,6,179,45,-0.33,-1.49,-1.1
"Keystone",48.163,-122.655,2014,28,7,195,30,0.09,-0.03,-0.95
"Keystone",48.163,-122.655,2009,28,7,193.5,22,-1.15,-0.76,-0.2
"Keystone",48.163,-122.655,2017,25,6,172,26,-0.33,-1.17,1.51
"Keystone",48.163,-122.655,2012,27,7,186,52,0.33,-2.06,-1.27
"Keystone",48.163,-122.655,2015,26,7,182,39,0.15,0.96,-1.47
"Keystone",48.163,-122.655,2010,28,7,196,24,-0.57,-0.25,-0.59
"Keystone",48.163,-122.655,2015,31,8,217,55,-0.88,1.09,-0.15
"Keystone",48.163,-122.655,2012,29,7,201,58,-0.21,-1.06,-1.28
"Keystone",48.163,-122.655,2009,34,8,232,28,0.15,-0.28,-1.3
"Keystone",48.163,-122.655,2011,32,8,220,31,-0.27,-0.67,1.2
"Keystone",48.163,-122.655,2010,31,8,216,21,-0.63,0.87,1.31
"Keystone",48.163,-122.655,2016,30,7,207,53,-1.12,0.27,-0.15
"Keystone",48.163,-122.655,2013,27,7,184,47,-0.33,-0.29,1.45
"Keystone",48.163,-122.655,2018,31,7,212,31,-0.76,0.59,-0.69
"Keystone",48.163,-122.655,2008,32,8,223,11,-0.21,1.03,1.3
"Keystone",48.163,-122.655,2011,34,8,234,27,-0.63,2.25,1.09
"Keystone",48.163,-122.655,2014,35,9,245,3,-0.76,0.77,0.59
"Keystone",48.163,-122.655,2009,31,7,212,34,-0.03,1.15,1.39
"Keystone",48.163,-122.655,2018,28,7,191,40,-0.15,0.72,1.59
"Keystone",48.163,-122.655,2012,30,7,207,53,-1.36,-1.03,0.09
"Keystone",48.163,-122.655,2012,26,6,179,53,-1.66,-1.8,0.42
"Keystone",48.163,-122.655,2008,33,8,230,35,-0.33,-0.62,-1.15
"Keystone",48.163,-122.655,2011,27,7,185,25,-0.45,-2.02,-0.81
"Keystone",48.163,-122.655,2008,26,6,181,9,-0.33,-1.12,1.47
"Keystone",48.163,-122.655,2010,27,7,187,25,-0.94,-0.01,1.38
"Keystone",48.163,-122.655,2013,28,7,192,37,-0.7,0.01,-0.8
"Keystone",48.163,-122.655,2008,30,7,209,22,-0.51,-0.06,1.26
"Keystone",48.163,-122.655,2018,25,6,170,39,-1.12,-0.97,-0.18
"Keystone",48.163,-122.655,2008,29,7,201,20,-0.27,-0.63,-1.2
"Keystone",48.163,-122.655,2012,31,8,214,30,0.21,-0.68,-1.47
"Keystone",48.163,-122.655,2017,28,7,190,15,-0.21,0.82,-1.28
"Keystone",48.163,-122.655,2017,31,7,211,44,-1.48,0.83,0.43
"Keystone",48.163,-122.655,2011,30,7,208,32,0.09,-0.15,1.67
"Keystone",48.163,-122.655,2012,32,8,221,37,-1.18,-0.51,0.17
"Keystone",48.163,-122.655,2018,29,7,197,24,-0.27,-0.21,-0.69
"Keystone",48.163,-122.655,2014,27,7,188,50,-1.18,0.35,1.22
"Keystone",48.163,-122.655,2016,33,8,228,20,-0.03,1.49,1.62
"Keystone",48.163,-122.655,2014,34,8,238,8,-0.39,0.67,-1.01
"Keystone",48.163,-122.655,2015,33,8,230,42,-0.7,1.12,-0.56
"Keystone",48.163,-122.655,2013,33,8,226,11,-1.06,0.56,0.53
"Keystone",48.163,-122.655,2017,26,7,182,42,-1.72,0.15,0.47
"Keystone",48.163,-122.655,2014,31,8,216,27,-1.3,1.15,0.7
"Keystone",48.163,-122.655,2008,25,6,174,32,-0.63,-2.7,-0.89
"Keystone",48.163,-122.655,2015,25,6,175,86,-1.84,0.5,0.29
"Keystone",48.163,-122.655,2010,29,7,200,24,-1,-0.43,0.9
"Keystone",48.163,-122.655,2008,28,7,194,16,-0.45,-0.02,1.4
"Keystone",48.163,-122.655,2009,26,7,182,27,-0.88,-1.3,1.2
"Keystone",48.163,-122.655,2018,34,8,232,27,-0.27,1,1.24
"Keystone",48.163,-122.655,2017,29,7,197,28,-1.6,0.53,0.19
"Keystone",48.163,-122.655,2012,28,7,195,52,-0.57,0.29,1.37
"Keystone",48.163,-122.655,2014,33,8,230,14,-0.57,0,0.88
"Keystone",48.163,-122.655,2018,33,8,226,52,-0.21,0.25,-0.65
"Keystone",48.163,-122.655,2008,31,8,216,28,-0.21,-1.45,-0.94
"Keystone",48.163,-122.655,2016,28,7,193,26,-1.72,0.17,0.16
"Keystone",48.163,-122.655,2017,24,6,165,27,-0.94,-0.79,-0.6
"Keystone",48.163,-122.655,2017,32,8,224,41,-0.88,0.56,-0.35
"Keystone",48.163,-122.655,2016,32,8,224,35,-1.12,1.77,0.98
"Keystone",48.163,-122.655,2016,34,8,235,15,-0.51,0.93,-0.38
"Keystone",48.163,-122.655,2010,34,8,236,9,-0.45,-0.04,-1.21
"Keystone",48.163,-122.655,2014,30,7,209,49,-0.45,-0.12,-1.03
"Keystone",48.163,-122.655,2013,30,7,207,38,-0.57,-0.26,-0.52
"Keystone",48.163,-122.655,2018,27,7,184,23,-1.12,-0.27,-0.5
"Keystone",48.163,-122.655,2016,27,7,186,26,0.39,0.16,-1.36
"Keystone",48.163,-122.655,2016,25,6,172,54,-0.03,-0.66,-1.32
"Keystone",48.163,-122.655,2013,26,6,177,43,-0.15,-1.66,-0.77
"Keystone",48.163,-122.655,2016,26,6,179,21,-1.54,-0.2,0.13
"Keystone",48.163,-122.655,2010,33,8,230,20,-0.09,0.23,1.14
"Keystone",48.163,-122.655,2017,35,9,244,6,-0.09,1.5,1.41
"Keystone",48.163,-122.655,2016,23,6,158,22,0.39,-0.36,-1.11
"Keystone",48.163,-122.655,2008,27,7,188,41,-0.39,-2.24,-0.75
"Keystone",48.163,-122.655,2011,33,8,227,45,-0.45,-1.06,-0.92
"Keystone",48.163,-122.655,2011,31,8,213,32,-0.15,-1.19,-0.98
"Keystone",48.163,-122.655,2014,26,6,181,44,-0.63,-1.45,-0.85
"Keystone",48.163,-122.655,2018,30,7,205,27,0.15,1.22,1.69
"Keystone",48.163,-122.655,2014,32,8,223,40,0.21,1.26,-1.15
"Keystone",48.163,-122.655,2013,32,8,219,55,-0.39,-0.04,-1.15
"Keystone",48.163,-122.655,2010,30,7,209,25,-0.63,-0.42,-0.91
"Keystone",48.163,-122.655,2014,24,6,167,47,-0.21,-1.35,-0.73
"Keystone",48.163,-122.655,2014,25,6,175,46,0.09,-0.48,1.67
"Keystone",48.163,-122.655,2009,30,7,206,39,-0.45,-0.27,-0.63
"Keystone",48.163,-122.655,2013,29,7,199,47,-0.63,0.63,1.29
"Keystone",48.163,-122.655,2018,32,8,219,24,-0.33,2.13,1.36
"Keystone",48.163,-122.655,2016,24,6,165,62,-1.78,-0.19,0.74
"Ledgewood",48.1416,-122.606,2017,29,7,198,32,-1.54,0.53,0.57
"Ledgewood",48.1416,-122.606,2017,32,8,221,42,-0.33,0.58,-0.96
"Ledgewood",48.1416,-122.606,2009,33,8,230,20,0.39,-0.06,1.66
"Ledgewood",48.1416,-122.606,2017,30,7,206,38,0.03,0.59,-0.94
"Ledgewood",48.1416,-122.606,2018,25,6,171,25,-1.54,-0.97,0.15
"Ledgewood",48.1416,-122.606,2010,30,7,207,41,-0.33,-0.18,-1.26
"Ledgewood",48.1416,-122.606,2011,25,6,174,38,-1.84,-1.99,0.36
"Ledgewood",48.1416,-122.606,2017,23,6,161,46,-0.15,-1.26,-1.19
"Ledgewood",48.1416,-122.606,2008,30,7,207,30,-1.48,-0.32,0.34
"Ledgewood",48.1416,-122.606,2015,34,8,234,17,-1.12,2.39,0.45
"Ledgewood",48.1416,-122.606,2017,28,7,192,39,-0.45,0.28,-0.97
"Ledgewood",48.1416,-122.606,2008,31,8,215,25,0.09,-1.32,-1.17
"Ledgewood",48.1416,-122.606,2009,27,7,188,25,-0.21,-0.97,-1.41
"Ledgewood",48.1416,-122.606,2010,29,7,200,36,-1,-0.43,0.9
"Ledgewood",48.1416,-122.606,2011,32,8,220.5,39.5,-0.3,-0.88,1.09
"Ledgewood",48.1416,-122.606,2013,27,7,184,26,-0.33,-0.29,1.45
"Ledgewood",48.1416,-122.606,2010,28,7,194,29,0.15,-0.19,-1.09
"Ledgewood",48.1416,-122.606,2018,35,8,241,4,-0.51,0.32,-0.67
"Ledgewood",48.1416,-122.606,2008,27,7,185,22,0.57,-2.13,-1.45
"Ledgewood",48.1416,-122.606,2016,25,6,174,37,-0.27,-0.37,-1.03
"Ledgewood",48.1416,-122.606,2016,31,8,217,31,-0.21,0.33,-0.99
"Ledgewood",48.1416,-122.606,2016,26,6,182,41,-0.82,0.4,1.25
"Ledgewood",48.1416,-122.606,2013,36,9,250,1,-0.27,-0.43,-0.76
"Ledgewood",48.1416,-122.606,2016,30,7,210,39,-1,0.94,0.97
"Ledgewood",48.1416,-122.606,2014,30,7,208,37,-0.39,-0.44,-1.19
"Ledgewood",48.1416,-122.606,2018,24,6,166,25,0.39,-1.13,-1.11
"Ledgewood",48.1416,-122.606,2012,27,7,186,35,0.33,-2.06,-1.27
"Ledgewood",48.1416,-122.606,2011,29,7,201,38,-1.24,-1.39,-0.33
"Ledgewood",48.1416,-122.606,2009,32,8,221.5,31,-0.88,-0.04,-0.52
"Ledgewood",48.1416,-122.606,2009,34,8,238,5,-0.63,-0.31,0.36
"Ledgewood",48.1416,-122.606,2017,27,7,184,20,-1,0.5,1.26
"Ledgewood",48.1416,-122.606,2016,29,7,203,38,-0.21,1.35,-1.05
"Ledgewood",48.1416,-122.606,2015,29,7,199.5,38.5,-0.66,0.89,-0.8
"Ledgewood",48.1416,-122.606,2013,28,7,193,36.5,-0.97,0.02,-0.5
"Ledgewood",48.1416,-122.606,2013,33,8,227,28,-0.76,0.63,0.94
"Ledgewood",48.1416,-122.606,2014,28,7,195,45,0.09,-0.03,-0.95
"Ledgewood",48.1416,-122.606,2012,28,7,195,41,-0.57,0.29,1.37
"Ledgewood",48.1416,-122.606,2011,26,7,182,40,0.09,-1.89,-1.42
"Ledgewood",48.1416,-122.606,2015,27,7,184,43,0.03,1.21,-1.12
"Ledgewood",48.1416,-122.606,2010,26,6,180,37,-0.57,-1.34,-0.92
"Ledgewood",48.1416,-122.606,2012,38,9,260,0,-0.09,-0.99,-1.04
"Ledgewood",48.1416,-122.606,2018,32,8,220,39,0.03,2.16,1.52
"Ledgewood",48.1416,-122.606,2008,24,6,163,28,-1.78,-3.36,0.6
"Ledgewood",48.1416,-122.606,2014,25,6,170,47,-1.42,-1.05,0.1
"Ledgewood",48.1416,-122.606,2016,24,6,168,40,-0.57,0.2,1.58
"Ledgewood",48.1416,-122.606,2012,36,9,251,5,-0.63,-0.28,0.44
"Ledgewood",48.1416,-122.606,2010,33,8,230,10,-0.09,0.23,1.14
"Ledgewood",48.1416,-122.606,2012,32,8,224,29,-0.45,1.27,1.25
"Ledgewood",48.1416,-122.606,2009,30,7,207,37,-0.33,0.23,-0.15
"Ledgewood",48.1416,-122.606,2008,26,6,179,18,-1.6,-1.9,0.74
"Ledgewood",48.1416,-122.606,2018,30,7,208,46,-0.27,1.13,-1.36
"Ledgewood",48.1416,-122.606,2010,31,8,217,33,-0.27,1.43,1.44
"Ledgewood",48.1416,-122.606,2013,34,8,235,21,-0.15,-0.44,-0.72
"Ledgewood",48.1416,-122.606,2012,34,8,235,21,-0.7,-1.02,-0.17
"Ledgewood",48.1416,-122.606,2015,32,8,218,43,-1.06,1.03,0.17
"Ledgewood",48.1416,-122.606,2016,35,8,239,6,-0.45,1.08,0.93
"Ledgewood",48.1416,-122.606,2012,33,8,230,39,-0.21,0.74,-1.27
"Ledgewood",48.1416,-122.606,2010,32,8,223,5,0.09,-0.49,-1.03
"Ledgewood",48.1416,-122.606,2008,32,8,222,27,-0.63,0.08,1.07
"Ledgewood",48.1416,-122.606,2017,31,8,214,44,-0.39,1.6,1.41
"Ledgewood",48.1416,-122.606,2013,30,7,205,33,0.09,-0.44,-0.98
"Ledgewood",48.1416,-122.606,2016,23,6,161,39,-0.63,0,-0.55
"Ledgewood",48.1416,-122.606,2012,30,7,208,41,-1.3,-0.68,0.47
"Ledgewood",48.1416,-122.606,2017,25,6,174,38,0.63,-0.46,-1.49
"Ledgewood",48.1416,-122.606,2009,35,9,244,4,0.15,0.04,1.62
"Ledgewood",48.1416,-122.606,2018,29,7,199,25,-1.12,0.07,-0.16
"Ledgewood",48.1416,-122.606,2013,32,8,221,40,-0.57,0.23,-0.79
"Ledgewood",48.1416,-122.606,2018,31,8,213,46,-1,1.05,-0.5
"Ledgewood",48.1416,-122.606,2017,34,8,234,16,0.03,0.51,-1.12
"Ledgewood",48.1416,-122.606,2015,26,6,176,36,-1.78,1.18,0.8
"Ledgewood",48.1416,-122.606,2015,33,8,225,24,-0.21,1.1,-1.41
"Ledgewood",48.1416,-122.606,2015,31,8,213,43,0.09,1.49,-1.11
"Ledgewood",48.1416,-122.606,2015,28,7,192,32,-0.63,1.19,1.26
"Ledgewood",48.1416,-122.606,2014,31,8,217,47,-0.94,2.19,1.12
"Ledgewood",48.1416,-122.606,2012,35,9,245,16,-0.21,-0.83,-0.97
"Ledgewood",48.1416,-122.606,2018,26,6,178,36,0.03,-0.45,-1.44
"Ledgewood",48.1416,-122.606,2013,31,7,212,38,-0.63,0.82,1.16
"Ledgewood",48.1416,-122.606,2012,31,7,212,41,0.21,0.06,1.59
"Ledgewood",48.1416,-122.606,2016,32,8,224,30,-1.12,1.77,0.98
"Ledgewood",48.1416,-122.606,2014,35,8,240,12,-0.51,0.56,-0.67
"Ledgewood",48.1416,-122.606,2009,26,7,182,26,-0.88,-1.3,1.2
"Ledgewood",48.1416,-122.606,2009,29,7,198,39,-0.57,0.53,1.39
"Ledgewood",48.1416,-122.606,2013,35,8,243,4,-0.09,0.85,1.36
"Ledgewood",48.1416,-122.606,2018,33,8,229,28,-1.06,0.38,0.2
"Ledgewood",48.1416,-122.606,2016,33,8,231,10,-0.09,1.03,-1.23
"Ledgewood",48.1416,-122.606,2017,24,6,168,40,-1.72,-0.9,0.19
"Ledgewood",48.1416,-122.606,2014,34,8,233,29,0.09,1.1,1.49
"Ledgewood",48.1416,-122.606,2016,27,7,189,39,-0.39,0.01,-0.8
"Ledgewood",48.1416,-122.606,2016,28,7,195,42,-1.36,1.31,1.1
"Ledgewood",48.1416,-122.606,2014,27,7,187,29.5,-1.18,0.38,0.72
"Ledgewood",48.1416,-122.606,2014,33,8,228,33,-0.82,0,0.13
"Ledgewood",48.1416,-122.606,2018,27,7,185,47,-1.42,-0.32,-0.27
"Ledgewood",48.1416,-122.606,2018,34,8,234,14,0.21,1.1,1.57
"Ledgewood",48.1416,-122.606,2012,26,6,181,17,-0.82,-0.82,1.24
"Ledgewood",48.1416,-122.606,2013,26,6,177,29,-0.15,-1.66,-0.77
"Maylor Point",48.268,-122.6414,2017,25,6,174,10,2.75,-0.46,-1.23
"Maylor Point",48.268,-122.6414,2014,31,8,216,20,0.45,1.15,0.7
"Maylor Point",48.268,-122.6414,2010,28,7,192,2,2.08,-0.17,-1.21
"Maylor Point",48.268,-122.6414,2014,27,7,188,17,0.51,0.35,1.16
"Maylor Point",48.268,-122.6414,2013,29,7,200,6,1.48,1.02,-0.21
"Maylor Point",48.268,-122.6414,2009,32,8,222,24,0.94,-0.22,-0.25
"Maylor Point",48.268,-122.6414,2008,26,6,180,15,0.69,-1.87,1.17
"Maylor Point",48.268,-122.6414,2011,31,8,213,28,1.84,-1.19,-0.74
"Maylor Point",48.268,-122.6414,2015,31,7,212,4,2.08,2.12,-1.06
"Maylor Point",48.268,-122.6414,2016,32,8,221,12,0.69,0.47,0.01
"Maylor Point",48.268,-122.6414,2010,26,6,179,18,1.3,-1.49,-0.78
"Maylor Point",48.268,-122.6414,2010,29,7,200,22,0.69,-0.43,0.93
"Maylor Point",48.268,-122.6414,2013,32,8,218,10,1.42,0.34,-1.02
"Maylor Point",48.268,-122.6414,2009,33,8,229,0,2.08,0.39,1.65
"Maylor Point",48.268,-122.6414,2009,30,7,208,20,0.76,-0.21,0.12
"Maylor Point",48.268,-122.6414,2011,27,7,185,19,1.42,-2.02,-0.54
"Maylor Point",48.268,-122.6414,2016,33,8,229,8,1.48,1.76,-1.32
"Maylor Point",48.268,-122.6414,2014,33,8,228.5,3,1.54,-0.07,0.5
"Maylor Point",48.268,-122.6414,2014,29,7,202,17,1.18,0.47,1.35
"Maylor Point",48.268,-122.6414,2016,29,7,200,14,1.6,1.4,-1.26
"Maylor Point",48.268,-122.6414,2008,29,7,201,15,1.3,-0.63,-0.88
"Maylor Point",48.268,-122.6414,2013,31,8,213,13,1.36,0.55,1.49
"Maylor Point",48.268,-122.6414,2016,31,8,214,6,2.14,0.41,-1.3
"Maylor Point",48.268,-122.6414,2011,29,7,199,17,1.12,-1.69,-0.51
"Maylor Point",48.268,-122.6414,2013,27,7,183,10,0.82,-0.2,1.32
"Maylor Point",48.268,-122.6414,2016,24,6,164,10,-0.15,0,0.52
"Maylor Point",48.268,-122.6414,2014,26,7,182,25,0.76,-0.15,-0.39
"Maylor Point",48.268,-122.6414,2015,27,7,184,13,1.9,1.21,-0.85
"Maylor Point",48.268,-122.6414,2016,23,6,159,10,2.02,-0.59,-0.67
"Maylor Point",48.268,-122.6414,2016,26,6,179,12,0.27,-0.2,0.34
"Maylor Point",48.268,-122.6414,2008,32,8,219,19,0.82,-1.18,-0.02
"Maylor Point",48.268,-122.6414,2016,30,7,208,22,0.57,-0.01,0.31
"Maylor Point",48.268,-122.6414,2016,28,7,194,9,-0.03,0.75,0.7
"Maylor Point",48.268,-122.6414,2008,27,7,187,8,1.84,-1.83,-0.69
"Maylor Point",48.268,-122.6414,2015,28,7,192.5,9.5,1.45,0.62,-0.23
"Maylor Point",48.268,-122.6414,2016,27,7,189,6,1.48,0.01,-0.53
"Maylor Point",48.268,-122.6414,2011,33,8,228,9,1.3,-0.91,-0.53
"Maylor Point",48.268,-122.6414,2013,28,7,190,24,1.3,-0.08,-0.85
"Maylor Point",48.268,-122.6414,2015,30,7,204,9,0.09,1.56,0.37
"Maylor Point",48.268,-122.6414,2009,29,7,201,6,2.27,-0.03,-1.51
"Maylor Point",48.268,-122.6414,2008,31,8,214,17,2.14,-1.02,-1.11
"Maylor Point",48.268,-122.6414,2010,32,8,221,2,2.08,0.19,-1.22
"Maylor Point",48.268,-122.6414,2009,31,8,216,10,1.24,1.12,-1.22
"Maylor Point",48.268,-122.6414,2014,31,7,211,26,1.06,0.07,-0.44
"Maylor Point",48.268,-122.6414,2015,31,8,215,6,1.84,0.95,-0.46
"Maylor Point",48.268,-122.6414,2015,26,6,177,7,0.21,1.35,1.18
"Maylor Point",48.268,-122.6414,2010,30,7,207,8,1.36,-0.18,-0.95
"Maylor Point",48.268,-122.6414,2010,33,8,228,53,1.06,-0.22,0.5
"Maylor Point",48.268,-122.6414,2011,30,7,206,19,1,1.03,1.46
"Maylor Point",48.268,-122.6414,2009,28,7,195,21,0.09,-0.7,0.26
"Maylor Point",48.268,-122.6414,2010,27,7,186,22,0.03,-0.4,0.88
"Maylor Point",48.268,-122.6414,2011,34,8,234,4,0.76,2.25,0.92
"Maylor Point",48.268,-122.6414,2013,33,8,226,5,0.76,0.56,0.55
"Maylor Point",48.268,-122.6414,2010,31,8,214,127,0.33,0.48,0.39
"Maylor Point",48.268,-122.6414,2014,28,7,195,22,2.14,-0.03,-0.71
"Maylor Point",48.268,-122.6414,2011,32,8,220,29,1.42,-0.67,1.29
"Maylor Point",48.268,-122.6414,2016,25,6,171,4,1.72,-0.44,-1.17
"Maylor Point",48.268,-122.6414,2014,26,6,178,9,1.66,-0.18,-1.02
"Maylor Point",48.268,-122.6414,2011,28,7,192,12,1.66,-0.84,1.56
"Rolling Hills",48.2332,-122.7308,2014,28,7,195,152,1.96,-0.03,-0.67
"Rolling Hills",48.2332,-122.7308,2010,27,7,186,84,-0.03,-0.4,0.92
"Rolling Hills",48.2332,-122.7308,2011,25,6,174,17,-0.33,-1.99,0.59
"Rolling Hills",48.2332,-122.7308,2009,29,7,202,74,2.21,0.15,-1.25
"Rolling Hills",48.2332,-122.7308,2011,31,8,217,66,0.82,-0.84,0.24
"Rolling Hills",48.2332,-122.7308,2013,32,8,219,89,1.3,-0.04,-0.84
"Rolling Hills",48.2332,-122.7308,2013,31,7,211,94,0.51,0.73,0.93
"Rolling Hills",48.2332,-122.7308,2008,26,6,177,21,-0.03,-2.35,0.18
"Rolling Hills",48.2332,-122.7308,2013,34,8,232,37,2.02,-0.24,-1.11
"Rolling Hills",48.2332,-122.7308,2008,32,8,220,28,0.45,-0.62,0.28
"Rolling Hills",48.2332,-122.7308,2012,30,7,206,69,0.76,-1.45,0
"Rolling Hills",48.2332,-122.7308,2009,30,7,209,61,0.45,-0.13,0.48
"Rolling Hills",48.2332,-122.7308,2013,35,8,239,5,0.88,0.13,0.43
"Rolling Hills",48.2332,-122.7308,2010,33,8,229,43,1,-0.07,0.94
"Rolling Hills",48.2332,-122.7308,2008,30,7,204,69,0.82,-0.41,-0.31
"Rolling Hills",48.2332,-122.7308,2011,32,8,220,111,1.3,-0.67,1.33
"Rolling Hills",48.2332,-122.7308,2011,33,8,231,46,0.76,-0.52,0.07
"Rolling Hills",48.2332,-122.7308,2013,33,8,226,70,0.63,0.56,0.59
"Rolling Hills",48.2332,-122.7308,2009,27,7,188,55,1.18,-0.97,-1.01
"Rolling Hills",48.2332,-122.7308,2014,33,8,230,102,0.94,0,0.99
"Rolling Hills",48.2332,-122.7308,2010,31,8,215,97,0.33,0.79,0.77
"Rolling Hills",48.2332,-122.7308,2014,34,8,237,24,1.3,0.65,-0.88
"Rolling Hills",48.2332,-122.7308,2008,28,7,191,61,0.03,-1.7,0.36
"Rolling Hills",48.2332,-122.7308,2010,26,6,180,69,0.94,-1.34,-0.57
"Rolling Hills",48.2332,-122.7308,2013,28,7,190,62,1.18,-0.08,-0.81
"Rolling Hills",48.2332,-122.7308,2013,27,7,183,78,0.69,-0.2,1.36
"Rolling Hills",48.2332,-122.7308,2012,28,7,191,88,0.27,-1.58,0.14
"Rolling Hills",48.2332,-122.7308,2011,27,7,189,70,0.27,-1.39,0.57
"Rolling Hills",48.2332,-122.7308,2010,32,8,221,43,1.96,0.19,-1.18
"Rolling Hills",48.2332,-122.7308,2008,31,7,212,12,2.02,-0.65,-1.51
"Rolling Hills",48.2332,-122.7308,2012,29,7,198,53,1.3,-0.43,-1.41
"Rolling Hills",48.2332,-122.7308,2010,28,7,193,105,2.02,-0.72,-0.98
"Rolling Hills",48.2332,-122.7308,2014,32,8,223,146,2.21,1.26,-0.88
"Rolling Hills",48.2332,-122.7308,2014,31,8,217,65,0.63,2.19,1.07
"Rolling Hills",48.2332,-122.7308,2013,36,9,247,2,1.3,-0.23,-1.01
"Rolling Hills",48.2332,-122.7308,2009,26,6,181,52,0.15,-1.51,0.91
"Rolling Hills",48.2332,-122.7308,2012,33,8,226,73,1.48,1.62,1.68
"Rolling Hills",48.2332,-122.7308,2012,27,7,184,55,2.39,-2.14,-1.35
"Rolling Hills",48.2332,-122.7308,2012,32,8,219,93,0.94,-0.97,-0.16
"Rolling Hills",48.2332,-122.7308,2014,29,7,202,80,1.06,0.47,1.39
"Rolling Hills",48.2332,-122.7308,2013,26,6,176,69,2.02,-1.81,-0.7
"Rolling Hills",48.2332,-122.7308,2011,26,7,182,57,1.6,-1.89,-1.05
"Rolling Hills",48.2332,-122.7308,2009,28,7,195,50,0.03,-0.7,0.3
"Rolling Hills",48.2332,-122.7308,2009,33,8,230,6,1.78,-0.06,-1.47
"Rolling Hills",48.2332,-122.7308,2012,34,8,234,10,1.48,-0.91,-0.23
"Rolling Hills",48.2332,-122.7308,2008,29,7,199,31,1.18,-0.32,-1.15
"Rolling Hills",48.2332,-122.7308,2008,27,7,184,31,2.33,-1.6,-1.28
"Rolling Hills",48.2332,-122.7308,2010,25,6,173,40,1.36,-1.28,1.6
"Rolling Hills",48.2332,-122.7308,2014,26,6,181,132,0.94,-1.45,-0.52
"Rolling Hills",48.2332,-122.7308,2014,24,6,168,102,1.12,-0.72,-0.2
"Rolling Hills",48.2332,-122.7308,2011,28,7,196,34,1.72,-1.22,-1.01
"Rolling Hills",48.2332,-122.7308,2010,30,7,207,108,1.24,-0.18,-0.91
"Rolling Hills",48.2332,-122.7308,2011,29,7,203,84,0.03,-1.12,0.44
"Rolling Hills",48.2332,-122.7308,2014,25,6,174,77,1.42,-0.63,1.65
"Rolling Hills",48.2332,-122.7308,2014,30,7,209,94,1.18,-0.12,-0.72
"Rolling Hills",48.2332,-122.7308,2013,30,7,205,60,2.02,-0.44,-0.71
"Rolling Hills",48.2332,-122.7308,2014,27,7,188,112,0.39,0.35,1.2
"Rolling Hills",48.2332,-122.7308,2012,26,6,178,61,0.15,-1.93,0.3
"Rolling Hills",48.2332,-122.7308,2009,31,8,216,58,1.12,1.12,-1.18
"Rolling Hills",48.2332,-122.7308,2009,32,8,223,75,0.69,0.04,0
"Rolling Hills",48.2332,-122.7308,2014,35,9,244,0,0.88,1.19,0.35
"Rolling Hills",48.2332,-122.7308,2013,29,7,197,68,0.21,0.37,0.66
"Rolling Hills",48.2332,-122.7308,2010,29,7,200,86,0.57,-0.43,0.97
"Rolling Hills",48.2332,-122.7308,2010,34,8,236,5,1.18,-0.04,-0.91
"Rolling Hills",48.2332,-122.7308,2011,30,7,210,34,1.54,-0.39,-1.26
"Rolling Hills",48.2332,-122.7308,2008,33,8,229,13,1.24,-0.18,-1.01
"Shore Meadows",48.0113,-122.582,2010,30,7,210,60,-0.45,-0.28,-0.64
"Shore Meadows",48.0113,-122.582,2014,33,8,229,76,-0.51,0,0.59
"Shore Meadows",48.0113,-122.582,2009,28,7,195,67,-1.42,-0.7,0.16
"Shore Meadows",48.0113,-122.582,2012,28,7,190,52,-0.76,-1.78,-0.3
"Shore Meadows",48.0113,-122.582,2009,25,6,175,56,0.88,-1.52,-1.11
"Shore Meadows",48.0113,-122.582,2017,26,6,179,50,-0.33,-0.29,-0.42
"Shore Meadows",48.0113,-122.582,2014,32,8,222,60,0.76,1.41,-1.3
"Shore Meadows",48.0113,-122.582,2016,32,8,218,69,-0.03,0.75,-0.73
"Shore Meadows",48.0113,-122.582,2017,29,7,200,40,-0.27,1.62,1.37
"Shore Meadows",48.0113,-122.582,2013,26,6,177,48,0.27,-1.66,-0.69
"Shore Meadows",48.0113,-122.582,2008,30,7,210,53,0.45,-0.34,1.54
"Shore Meadows",48.0113,-122.582,2013,33,8,228,52,-0.03,0.05,1.27
"Shore Meadows",48.0113,-122.582,2008,29,7,203,47,-0.33,-0.47,-0.73
"Shore Meadows",48.0113,-122.582,2014,29,7,201,92,-0.63,-0.12,1.02
"Shore Meadows",48.0113,-122.582,2010,26,7,182,71,-0.88,-1.5,-0.44
"Shore Meadows",48.0113,-122.582,2010,34,8,238,10,-0.15,-0.28,-0.79
"Shore Meadows",48.0113,-122.582,2017,24,6,165,44,-0.57,-0.79,-0.52
"Shore Meadows",48.0113,-122.582,2014,34,8,236,22,-0.03,0.39,-1.26
"Shore Meadows",48.0113,-122.582,2014,28,7,194,60,0.76,0,-1.09
"Shore Meadows",48.0113,-122.582,2011,29,7,197,35,0.27,-1.53,-1.07
"Shore Meadows",48.0113,-122.582,2017,33,8,228,32,-0.33,0.9,1.07
"Shore Meadows",48.0113,-122.582,2014,27,7,187,52,-1.36,0.23,0.88
"Shore Meadows",48.0113,-122.582,2010,28,7,193,61,0.76,-0.72,-1.25
"Shore Meadows",48.0113,-122.582,2013,29,7,197,69,-1.24,0.37,0.61
"Shore Meadows",48.0113,-122.582,2011,32,8,219,70,-0.33,-0.95,1
"Shore Meadows",48.0113,-122.582,2016,24,6,162,72,-0.76,0,-0.25
"Shore Meadows",48.0113,-122.582,2009,26,6,181,73,-1.18,-1.51,0.89
"Shore Meadows",48.0113,-122.582,2013,30,7,205,67,0.51,-0.44,-0.91
"Shore Meadows",48.0113,-122.582,2017,30,7,207,53,0.09,-0.14,-0.65
"Shore Meadows",48.0113,-122.582,2009,34,8,235,6,0.03,-0.46,-0.49
"Shore Meadows",48.0113,-122.582,2012,32,8,218,78,-0.27,-0.73,-0.53
"Shore Meadows",48.0113,-122.582,2018,28,7,190,58,-0.27,0.87,1.48
"Shore Meadows",48.0113,-122.582,2009,31,8,214.5,53.5,0.36,0.65,0.07
"Shore Meadows",48.0113,-122.582,2017,25,6,172,69,0.09,-1.17,1.59
"Shore Meadows",48.0113,-122.582,2016,27,7,183,101,0.15,-0.04,1.56
"Shore Meadows",48.0113,-122.582,2015,34,8,238,2,0.33,2.57,1.51
"Shore Meadows",48.0113,-122.582,2013,31,7,212,67,-0.27,0.82,1.24
"Shore Meadows",48.0113,-122.582,2012,33,8,225,37,0.15,1.08,1.49
"Shore Meadows",48.0113,-122.582,2010,27,7,186,57,-1.24,-0.4,1.13
"Shore Meadows",48.0113,-122.582,2016,29,7,197,70,-0.09,1.74,1.6
"Shore Meadows",48.0113,-122.582,2011,28,7,190,45,-0.88,-1.53,0.98
"Shore Meadows",48.0113,-122.582,2014,25,6,171,71,-1.3,-1.51,0.57
"Shore Meadows",48.0113,-122.582,2011,27,7,184,38,0.21,-1.96,-0.95
"Shore Meadows",48.0113,-122.582,2009,32,8,223,57,-0.76,0.04,-0.11
"Shore Meadows",48.0113,-122.582,2014,31,8,215,96,-1.12,1.05,0.35
"Shore Meadows",48.0113,-122.582,2018,32,8,218,73,-0.51,1.97,1.2
"Shore Meadows",48.0113,-122.582,2009,35,8,239,74,-0.03,-0.31,0.84
"Shore Meadows",48.0113,-122.582,2017,32,8,221,63,0.03,0.58,-0.89
"Shore Meadows",48.0113,-122.582,2016,31,7,211,29,-0.09,0.98,1.33
"Shore Meadows",48.0113,-122.582,2012,35,8,239,47,0.27,-0.37,1.21
"Shore Meadows",48.0113,-122.582,2013,35,8,240,3,-0.27,-0.06,0.81
"Shore Meadows",48.0113,-122.582,2018,31,7,211,80,-0.21,0.75,-0.8
"Shore Meadows",48.0113,-122.582,2018,33,8,225,56,0.51,0.26,-0.81
"Shore Meadows",48.0113,-122.582,2010,29,7,198.5,73.5,-0.66,-0.46,0.38
"Shore Meadows",48.0113,-122.582,2015,29,7,203,89,-1.18,1.06,-0.03
"Shore Meadows",48.0113,-122.582,2015,27,7,189,90,-1.12,0.29,0.21
"Shore Meadows",48.0113,-122.582,2018,34,8,232,13,0.15,1,1.32
"Shore Meadows",48.0113,-122.582,2013,28,7,191,57,-0.15,-0.48,-0.9
"Shore Meadows",48.0113,-122.582,2012,31,7,211,62,0.33,-0.46,1.51
"Shore Meadows",48.0113,-122.582,2016,34,8,232,4,0.33,1.06,-0.96
"Shore Meadows",48.0113,-122.582,2011,31,7,211,66,0.45,-0.39,-1.34
"Shore Meadows",48.0113,-122.582,2015,31,8,217,107,-0.51,1.09,-0.08
"Shore Meadows",48.0113,-122.582,2014,30,7,208,80,0.03,-0.44,-1.11
"Shore Meadows",48.0113,-122.582,2018,24,6,162,63,0.09,-0.72,1.67
"Shore Meadows",48.0113,-122.582,2011,33,8,226,67,0.03,-1.18,-1.03
"Shore Meadows",48.0113,-122.582,2008,26,6,176,81,-1,-2.65,-0.32
"Shore Meadows",48.0113,-122.582,2017,31,8,215,35,0.27,1.81,1.65
"Shore Meadows",48.0113,-122.582,2013,27,7,184,36,0.03,-0.29,1.53
"Shore Meadows",48.0113,-122.582,2014,26,6,180,64,-0.03,-1.19,-0.94
"Shore Meadows",48.0113,-122.582,2015,33,8,231,39,-0.51,1.27,-0.29
"Shore Meadows",48.0113,-122.582,2010,26,6,179,71,0.09,-1.49,-1.02
"Shore Meadows",48.0113,-122.582,2018,30,7,204,61,0.27,1.13,1.6
"Shore Meadows",48.0113,-122.582,2016,28,7,190,36,-0.39,-0.16,-0.52
"Shore Meadows",48.0113,-122.582,2013,34,8,233,8,0.51,-0.13,-1.09
"Shore Meadows",48.0113,-122.582,2015,28,7,196,85,0.51,0.93,-1.34
"Shore Meadows",48.0113,-122.582,2018,25,6,169,51,-0.27,-0.54,-0.38
"Shore Meadows",48.0113,-122.582,2015,25,6,175,76,-1.6,0.5,0.37
"Shore Meadows",48.0113,-122.582,2009,27,7,188,71,0.21,-0.97,-1.34
"Shore Meadows",48.0113,-122.582,2013,32,8,219,59,0.03,-0.04,-1.07
"Shore Meadows",48.0113,-122.582,2018,27,7,183,54,-0.51,-0.5,-0.62
"Shore Meadows",48.0113,-122.582,2010,32,8,222.5,55.5,0.48,-0.27,-1.07
"Shore Meadows",48.0113,-122.582,2017,28,7,193,54,-0.27,0.52,-0.72
"Shore Meadows",48.0113,-122.582,2018,29,7,197,55,0.15,-0.21,-0.61
"Shore Meadows",48.0113,-122.582,2008,27,7,189,46,-0.51,-2.13,-0.42
"Shore Meadows",48.0113,-122.582,2016,30,7,204,62,0.03,0.28,-0.78
"Shore Meadows",48.0113,-122.582,2010,31,8,215.5,62,-0.48,0.96,0.95
"Shore Meadows",48.0113,-122.582,2012,30,7,204,62,-0.33,-1.39,-0.62
"Shore Meadows",48.0113,-122.582,2016,26,6,176,65,-0.33,-0.59,-0.59
"Shore Meadows",48.0113,-122.582,2016,33,8,225,19,-0.39,2.38,1.31
"Shore Meadows",48.0113,-122.582,2014,35,8,243,1,-0.45,0.65,0.03
"Shore Meadows",48.0113,-122.582,2012,34,8,232,55,0.09,-0.91,-0.79
"Shore Meadows",48.0113,-122.582,2009,35,9,244,0,0.57,0.04,1.7
"Shore Meadows",48.0113,-122.582,2010,33,8,229.5,48,0.09,0,0.98
"Shore Meadows",48.0113,-122.582,2015,26,7,182,49,0.63,0.96,-1.39
"Shore Meadows",48.0113,-122.582,2009,30,7,209,82,-0.94,-0.13,0.44
"Swantown",48.299,-122.725,2016,31,7,211,25,-1,0.98,1.2
"Swantown",48.299,-122.725,2018,35,8,240,4,-1,0.32,-0.91
"Swantown",48.299,-122.725,2010,33,8,228,15,-0.73,-0.32,0.35
"Swantown",48.299,-122.725,2013,30,7,204,7,-0.33,0.39,-1.27
"Swantown",48.299,-122.725,2018,33,8,225,26,-0.57,0.26,-0.94
"Swantown",48.299,-122.725,2014,25,6,172,11,-1.72,-1.21,0.87
"Swantown",48.299,-122.725,2016,23,6,159,7,-0.51,-0.59,-1
"Swantown",48.299,-122.725,2018,25,6,173,33,-1.78,-0.53,0.96
"Swantown",48.299,-122.725,2010,31,8,217,22,-0.88,1.43,1.38
"Swantown",48.299,-122.725,2018,26,6,180,18,-0.82,-0.47,-1.24
"Swantown",48.299,-122.725,2012,34,8,237,0,-1.24,-0.64,0.45
"Swantown",48.299,-122.725,2013,26,6,177,17,-0.76,-1.66,-0.83
"Swantown",48.299,-122.725,2017,30,7,206,26,-0.57,0.59,-1
"Swantown",48.299,-122.725,2009,30,7,207.5,24,-1.06,-0.11,-0.08
"Swantown",48.299,-122.725,2012,31,8,216,18,-0.7,-1.12,-1.09
"Swantown",48.299,-122.725,2008,31,7,212,27,-0.15,-0.65,1.69
"Swantown",48.299,-122.725,2010,30,7,210,29,-1.3,-0.28,-0.78
"Swantown",48.299,-122.725,2016,29,7,200.5,13.5,-0.76,1.43,0.25
"Swantown",48.299,-122.725,2018,24,6,166,12,-0.27,-1.13,-1.17
"Swantown",48.299,-122.725,2008,26,6,176,18,-1.78,-2.65,-0.46
"Swantown",48.299,-122.725,2017,32,8,219,4,-0.82,0.23,-1.37
"Swantown",48.299,-122.725,2009,27,7,183,20,-0.82,-1.06,1.39
"Swantown",48.299,-122.725,2015,28,7,191,18,-1.6,0.84,0.9
"Swantown",48.299,-122.725,2013,34,8,232,0,-0.36,-0.24,0.12
"Swantown",48.299,-122.725,2015,29,7,199,21.5,-1.06,1.08,-0.96
"Swantown",48.299,-122.725,2017,31,8,214,21,-0.94,1.6,1.35
"Swantown",48.299,-122.725,2014,30,7,210,21,-1.12,-0.02,-0.92
"Swantown",48.299,-122.725,2015,33,8,227.5,22.5,-1.03,1.11,-1.04
"Swantown",48.299,-122.725,2013,31,8,213,11,-0.82,0.55,1.31
"Swantown",48.299,-122.725,2011,32,8,222,5,-0.33,-0.87,1.49
"Swantown",48.299,-122.725,2011,34,8,236,14,-0.76,0.97,1.33
"Swantown",48.299,-122.725,2018,34,8,233,14,-0.57,1.17,1.36
"Swantown",48.299,-122.725,2012,27,7,187,9,-0.51,-1.55,-1.12
"Swantown",48.299,-122.725,2010,29,7,202,15,-0.57,0.04,1.39
"Swantown",48.299,-122.725,2014,34,8,235.5,7.5,-0.76,0.89,0.18
"Swantown",48.299,-122.725,2017,35,8,240,22,-1.42,1.59,0.28
"Swantown",48.299,-122.725,2013,33,8,228,5,-0.94,0.05,1.14
"Swantown",48.299,-122.725,2010,27,7,189,9,-0.63,0.16,1.61
"Swantown",48.299,-122.725,2011,33,8,227,16,-1,-1.06,-0.98
"Swantown",48.299,-122.725,2014,32,8,221.5,9,-0.63,0.79,0.21
"Swantown",48.299,-122.725,2008,30,7,204,34,-1.42,-0.41,-0.64
"Swantown",48.299,-122.725,2017,34,8,234,9,-0.57,0.51,-1.18
"Swantown",48.299,-122.725,2018,29,7,201,32,-1.9,0.18,0.57
"Swantown",48.299,-122.725,2013,28,7,192,21,-1.24,0.01,-0.86
"Swantown",48.299,-122.725,2016,25,6,173,20,-0.7,-0.44,-1.24
"Swantown",48.299,-122.725,2011,31,8,214,30,-0.94,-1.1,-0.81
"Swantown",48.299,-122.725,2011,35,8,243,19,-0.7,-0.92,-0.75
"Swantown",48.299,-122.725,2009,29,7,198,25,-1.12,0.53,1.33
"Swantown",48.299,-122.725,2009,33,8,226,20,-1.18,-0.01,1.01
"Swantown",48.299,-122.725,2014,26,7,182,7,-1.36,-0.15,-0.73
"Swantown",48.299,-122.725,2011,27,7,189,28,-1.96,-1.39,0.35
"Swantown",48.299,-122.725,2012,26,6,180,31,-1.78,-1.94,0.82
"Swantown",48.299,-122.725,2013,27,7,183,6,-1.3,-0.2,1.16
"Swantown",48.299,-122.725,2010,28,7,195,21,-0.76,-0.25,-0.91
"Swantown",48.299,-122.725,2016,34,8,232,8,-0.7,1.06,-1.09
"Swantown",48.299,-122.725,2014,36,9,248,0,-0.63,0.46,1.23
"Swantown",48.299,-122.725,2016,33,8,225,3,-1.24,2.38,1.17
"Swantown",48.299,-122.725,2011,30,7,208,30,-0.57,-0.15,1.62
"Swantown",48.299,-122.725,2009,32,8,220,22,-1.18,-0.11,-0.91
"Swantown",48.299,-122.725,2017,28,7,191,30,-0.88,0.51,-1.19
"Swantown",48.299,-122.725,2016,24,6,168,20,-1.12,0.2,1.52
"Swantown",48.299,-122.725,2018,31,7,211,32,-1.12,0.75,-0.94
"Swantown",48.299,-122.725,2011,29,7,200,20,-1.48,-1.58,-0.62
"Swantown",48.299,-122.725,2012,32,8,222,18,-1.6,-0.58,0.57
"Swantown",48.299,-122.725,2014,28,7,193.5,13.5,-0.66,0.18,0.44
"Swantown",48.299,-122.725,2015,23,6,160,6,-1.84,-0.46,0.04
"Swantown",48.299,-122.725,2016,31,8,215,31,-0.51,0.76,-1.43
"Swantown",48.299,-122.725,2018,27,7,188,23,-2.08,0.5,0.68
"Swantown",48.299,-122.725,2015,31,7,212,12,-0.45,2.12,-1.38
"Swantown",48.299,-122.725,2017,33,8,229,5,-0.88,0.72,1.19
"Swantown",48.299,-122.725,2017,26,6,177,19,-0.45,-0.45,-0.99
"Swantown",48.299,-122.725,2009,28,7,191,26,-1.18,-1.24,-0.94
"Swantown",48.299,-122.725,2017,24,6,163,26,-1,-0.93,-0.99
"Swantown",48.299,-122.725,2018,30,7,208,27,-0.82,1.13,-1.42
"Swantown",48.299,-122.725,2010,26,7,182,27,-1.6,-1.5,-0.58
"Swantown",48.299,-122.725,2015,31,8,215,11,-0.88,0.95,-0.73
"Swantown",48.299,-122.725,2013,29,7,200,0,-0.82,0.87,1.42
"Swantown",48.299,-122.725,2017,29,7,202,24,-0.39,0,1.62
"Swantown",48.299,-122.725,2012,30,7,209,21,-1.48,-0.68,0.88
"Swantown",48.299,-122.725,2012,29,7,201,19,-0.76,-1.06,-1.34
"Swantown",48.299,-122.725,2017,25,6,173,16,-0.45,-0.41,1.65
"Swantown",48.299,-122.725,2012,28,7,194,12,-1.54,-0.15,1.07
"Swantown",48.299,-122.725,2015,27,7,183,8,-0.51,1.23,-1.36
"Swantown",48.299,-122.725,2015,34,8,236,1,-1.12,2.13,1.11
"Swantown",48.299,-122.725,2015,37,9,255.3333333,6,-0.78,0.91,-0.2
"Swantown",48.299,-122.725,2009,34,8,233,12,-0.57,-0.36,-1.12
"Swantown",48.299,-122.725,2015,35,9,244,10,-0.63,0.95,-0.69
"Swantown",48.299,-122.725,2008,32,8,218,39,-1.36,-1.28,-0.52
"Swantown",48.299,-122.725,2016,27,7,185.5,18.5,-0.73,0.06,0.19
"Swantown",48.299,-122.725,2008,28,7,190,30,-1.78,-1.75,-0.28
"Swantown",48.299,-122.725,2015,26,6,177,14,-1.78,1.35,1.15
"Swantown",48.299,-122.725,2013,32,8,220,22,-1,-0.15,-1.03
